House_ID,Square_Feet,Bedrooms,Bathrooms,Neighborhood,Year_Built,Income_Level,Price
HOU_1000,2098.0284918067396,3.0,2.5,Downtown,2007,Low,524800.0
HOU_1001,1717.0414192972892,1.0,3.0,Downtown,2014,Medium,440300.0
HOU_1002,2188.6131228604154,2.0,1.5,Suburbs,2018,Low,366100.0
HOU_1003,2713.817913844815,3.0,2.0,Downtown,2000,High,638800.0
HOU_1004,1659.5079751659985,3.0,3.0,Downtown,1971,Low,469600.0
HOU_1005,1659.5178258304916,2.0,1.0,downtown,2002,High,387900.0
HOU_1006,2747.5276893044347,4.0,1.0,Rural,1985,High,351900.0
HOU_1007,2260.460837491745,2.0,1.5,Rural,2017,Low,222100.0
HOU_1008,1518.3153684390288,4.0,2.0,Downtown,1985,Medium,435800.0
HOU_1009,2125.536026151579,3.0,1.5,Downtown,2001,Low,519800.0
HOU_1010,1521.9493843125226,3.0,4.0,Downtown,2002,?,479600.0
HOU_1011,1520.562147857846,3.0,2.0,Rural,1999,Medium,228800.0
HOU_1012,1945.1773629396205,5.0,2.0,downtown,1990,Medium,538400.0
HOU_1013,652.0318532053213,2.0,1.5,Suburbs,1967,Medium,184400.0
HOU_1014,765.0493004921802,3.0,2.0,Downtown,1971,Low,328700.0
HOU_1015,1462.6274824554164,2.0,2.0,Suburbs,2015,?,317200.0
HOU_1016,1192.3013277993457,2.0,2.5,Suburbs,1970,Low,280300.0
HOU_1017,1988.5483995571644,2.0,2.5,Suburbs,1993,Medium,399300.0
HOU_1018,1255.1855546872735,4.0,2.0,Suburbs,1996,Medium,338600.0
HOU_1019,952.6177791988251,5.0,3.0,Rural,1988,High,219100.0
HOU_1020,2679.3892613529324,2.0,2.5,Downtown,1978,Low,591100.0
HOU_1021,1664.5342197080786,1.0,2.5,Downtown,2003,Medium,377900.0
HOU_1022,1840.5169228127543,3.0,1.0, Rural,1966,Medium,250400.0
HOU_1023,945.1510882719259,3.0,1.0,Downtown,2009,Medium,351700.0
HOU_1024,1473.3703652848903,1.0,1.5,Downtown,1980,Low,370300.0
HOU_1025,1866.5535538259196,3.0,2.0,Downtown,2022,Low,520700.0
HOU_1026,1109.4038535466184,3.0,2.0,Downtown,1998,Low,368500.0
HOU_1027,2025.4188110074033,5.0,2.0,Suburbs,1951,Medium,475000.0
HOU_1028,1439.6167860487171,2.0,3.0,Rural,1997,Low,218600.0
HOU_1029,1624.983750124034,3.0,3.0,Suburbs,1963,Medium,394400.0
HOU_1030,1438.9760326623618,3.0,3.0,Suburbs,2008,Low,342200.0
HOU_1031,2911.366910705363,3.0,2.0,Suburbs,2007,High,518500.0
HOU_1032,1791.9016651572397,3.0,2.0,Suburbs,2007,High,399500.0
HOU_1033,1165.3734426264598,3.0,1.5,Rural,2000,Medium,197300.0
HOU_1034,2293.5269472619134,2.0,1.5,Rural,1951,Medium,282800.0
HOU_1035,1067.4938100173867,4.0,1.5,Downtown,1990,Low,416600.0
HOU_1036,1925.3181570028532,3.0,2.0,Rural,1965,Low,267600.0
HOU_1037,624.1979256721347,2.0,2.0,Suburbs,1953,Low,178500.0
HOU_1038,1003.0883706609417,3.0,2.5, Rural,1961,Medium,240900.0
HOU_1039,1918.116741521474,2.0,1.0,Suburbs,1978,Medium,335800.0
HOU_1040,,1.0,2.5, Rural,1956,High,233100.0
HOU_1041,1902.8209687139822,4.0,2.0,Rural,1963,Medium,309000.0
HOU_1042,1730.6110305670556,3.0,1.5,Downtown,1961,Medium,449600.0
HOU_1043,1619.3377826464266,3.0,2.0,Suburbs,1954,Medium,329200.0
HOU_1044,912.8868057795436,2.0,1.5, Rural,1981,Medium,167500.0
HOU_1045,1368.0934749631747,3.0,2.0,Rural,2023,Low,187600.0
HOU_1046,1523.6167374241275,2.0,2.0,Downtown,1992,Medium,400900.0
HOU_1047,2434.2733357313496,2.0,1.5,Rural,2018,Medium,295100.0
HOU_1048,2006.1709737410768,5.0,1.0,Suburbs,1994,Medium,425300.0
HOU_1049,742.1759067823596,3.0,2.0,Downtown,1958,High,286400.0
HOU_1050,1994.450381636877,3.0,3.0,Suburbs,1998,Medium,441200.0
HOU_1051,1568.95063175021,2.0,2.0,Downtown,1982,Low,415800.0
HOU_1052,1393.8467998164247,4.0,2.5,Rural,1967,Medium,277000.0
HOU_1053,2167.0057733045205,3.0,2.0,Suburbs,1958,Medium,409800.0
HOU_1054,2418.5997134975705,3.0,3.0,Rural,2011,Low,304600.0
HOU_1055,2358.768071469719,3.0,2.5,Downtown,2006,Medium,584600.0
HOU_1056,1296.469486066417,1.0,2.0,Suburbs,1978,?,256300.0
HOU_1057,1614.4725744892712,2.0,2.0,Downtown,1974,High,397300.0
HOU_1058,1998.7580588421383,3.0,3.0,Downtown,1964,Low,562200.0
HOU_1059,2385.3270762734155,2.0,2.0,Downtown,1955,High,528700.0
HOU_1060,1512.495457292826,2.0,2.0,Downtown,1991,Medium,368100.0
HOU_1061,1688.6046140017097,4.0,1.0,Suburbs,1978,Medium,394200.0
HOU_1062,1136.199015596383,3.0,2.5,Suburbs,1953,Medium,288800.0
HOU_1063,1082.2760255515975,3.0,2.5,Suburbs,2006,High,280200.0
HOU_1064,2287.5154934365187,3.0,1.0,Suburbs,1998,Medium,379200.0
HOU_1065,2613.7440171424937,3.0,2.0,Rural,1993,Medium,362900.0
HOU_1066,1756.7939270517998,12.0,2.0,downtown,1963,Medium,742300.0
HOU_1067,2402.1197387352145,2.0,1.0,Suburbs,1952,Medium,404400.0
HOU_1068,2016.9816150285806,2.0,4.0,Suburbs,2011,Low,420300.0
HOU_1069,1412.9281472369255,2.0,1.5,Downtown,2013,High,388100.0
HOU_1070,2016.8373633050483,3.0,1.0,SUBURBS ,1994,Medium,380800.0
HOU_1071,2722.821939879582,2.0,2.0,Downtown,2007,Medium,559700.0
HOU_1072,1778.504376534029,3.0,2.5,Suburbs,1969,Low,359700.0
HOU_1073,2738.7861934884036,2.0,1.0,Suburbs,2007,Medium,447400.0
HOU_1074,500.0,1.0,2.0,Suburbs,2006,Low,149300.0
HOU_1075,2293.1415026251343,3.0,2.0,Downtown,2017,Low,563300.0
HOU_1076,1852.2282409429026,2.0,1.0,Rural,2001,Medium,249700.0
HOU_1077,1620.5955897204794,0.0,1.5,Downtown,1986,Medium,366300.0
HOU_1078,1855.0564659213014,1.0,2.0,Suburbs,1957,Medium,303100.0
HOU_1079,607.4586512394644,2.0,1.5,Downtown,1993,Low,297900.0
HOU_1080,,3.0,3.0,Downtown,1954,Medium,517100.0
HOU_1081,2014.2675429070478,2.0,2.5,downtown,2018,Low,492900.0
HOU_1082,2686.7364268449096,2.0,4.0,Downtown,1980,?,648900.0
HOU_1083,1489.0378690358116,3.0,1.5,Rural,1994,Medium,275600.0
HOU_1084,1314.9038382640874,2.0,4.0,Suburbs,1958,Medium,289000.0
HOU_1085,1498.945773849278,4.0,2.0,Downtown,1981,Medium,463300.0
HOU_1086,2349.2412706212444,3.0,2.0,SUBURBS ,2032,Low,389300.0
HOU_1087,1997.2506657958106,3.0,1.0,Downtown,2016,?,497400.0
HOU_1088,1482.1438777397766,3.0,1.0,Rural,1979,Low,229800.0
HOU_1089,2107.9604598680135,2.0,2.0,Downtown,1978,Medium,497100.0
HOU_1090,,3.0,2.0,Rural,1952,Medium,246600.0
HOU_1091,2381.1869943197335,2.0,1.5,Downtown,2006,Low,489700.0
HOU_1092,1378.7681436735886,4.0,2.0,Suburbs,1979,High,352900.0
HOU_1093,1603.402712041339,2.0,1.5,Rural,1958,Medium,249500.0
HOU_1094,1564.7351081207055,3.0,2.0,downtown,1975,Low,433800.0
HOU_1095,921.8910311207288,3.0,2.0,downtown,1951,Low,-50000.0
HOU_1096,1977.6721662387456,1.0,2.5,Rural,2011,Low,213500.0
HOU_1097,1956.6331633079335,2.0,2.5,Rural,1952,High,269800.0
HOU_1098,1803.0680739854765,3.0,2.0,Downtown,1995,Medium,474900.0
HOU_1099,1659.247719974912,4.0,2.0,Suburbs,2017,Low,363900.0
HOU_1100,950.7775547697514,2.0,2.0,Suburbs,1974,Low,228900.0
HOU_1101,1547.6128063407846,3.0,2.5,Suburbs,2000,Medium,340300.0
HOU_1102,1594.3712900839382,5.0,2.0,Suburbs,1962,Medium,404000.0
HOU_1103,1318.6336384670287,4.0,1.5,Suburbs,1993,Medium,304500.0
HOU_1104,1703.2285730003946,0.0,1.0,Downtown,1984,Medium,342300.0
HOU_1105,2042.4305140887232,3.0,2.0,Suburbs,2004,Low,399300.0
HOU_1106,2931.711540726318,2.0,2.0,Downtown,1958,Medium,604400.0
HOU_1107,1904.7466876991034,5.0,2.5,Suburbs,2032,?,477000.0
HOU_1108,1954.5302344336587,3.0,1.5,Suburbs,2010,Low,365000.0
HOU_1109,1755.3324505402998,2.0,2.0,Rural,1990,Medium,225100.0
HOU_1110,648.7372708205751,3.0,2.5,Rural,1993,Medium,148700.0
HOU_1111,1784.0916747304698,2.0,2.5,Suburbs,2013,Medium,387600.0
HOU_1112,1836.138125964616,5.0,2.0,Downtown,1980,Low,564000.0
HOU_1113,3277.9452674911718,5.0,2.0,Suburbs,1996,High,579600.0
HOU_1114,1684.5834211313265,3.0,2.0,Downtown,1951,Medium,486400.0
HOU_1115,1980.9284054001675,2.0,3.0,Suburbs,2018,Medium,386700.0
HOU_1116,1779.172938176854,3.0,1.0,Suburbs,2032,Medium,358600.0
HOU_1117,1098.7931774282806,1.0,3.0,Downtown,1993,Low,320500.0
HOU_1118,2485.6936887090123,1.0,2.0,Suburbs,2023,Low,388300.0
HOU_1119,2251.1598196120644,4.0,2.0,SUBURBS ,2005,Medium,456900.0
HOU_1120,2274.619168225828,2.0,1.0,SUBURBS ,1992,Low,377100.0
HOU_1121,1254.3675271231566,2.0,2.0,Suburbs,1983,Medium,316900.0
HOU_1122,2641.6765865616594,5.0,2.0,Downtown,1979,Medium,653200.0
HOU_1123,958.8893623246315,2.0,1.5,Downtown,2020,Medium,339600.0
HOU_1124,2152.1142562801624,2.0,2.0,Suburbs,2019,Medium,386000.0
HOU_1125,3114.2733754859873,4.0,4.0,SUBURBS ,2004,Medium,589700.0
HOU_1126,1205.678204921587,2.0,2.0,Downtown,2016,Low,373700.0
HOU_1127,1460.221362238337,3.0,2.5,Rural,1962,Medium,223800.0
HOU_1128,1859.7908190525848,5.0,1.0,Downtown,1952,Medium,554400.0
HOU_1129,1497.9146075302806,4.0,2.0, Rural,1975,Medium,197700.0
HOU_1130,869.6019413603204,3.0,1.0,Suburbs,2006,Low,230000.0
HOU_1131,1841.1377848836164,2.0,2.0,Rural,1973,Medium,227200.0
HOU_1132,1162.617771764337,2.0,3.0,Suburbs,2002,Low,259400.0
HOU_1133,2084.155458381109,4.0,2.0,Suburbs,2019,Low,425800.0
HOU_1134,1248.345459459718,4.0,1.0,Downtown,1992,Low,417000.0
HOU_1135,2729.9606430105237,3.0,2.0,Downtown,2009,High,641400.0
HOU_1136,1330.0480245982578,2.0,2.0,downtown,2007,Low,381300.0
HOU_1137,1606.7630902765945,2.0,2.0,downtown,1998,Low,406300.0
HOU_1138,2288.110330421802,1.0,2.5,Rural,1991,Low,278300.0
HOU_1139,1061.4814101396269,3.0,2.5,Suburbs,2015,Low,292400.0
HOU_1140,1936.4759607624776,3.0,2.0,Rural,1960,Medium,289900.0
HOU_1141,2584.285652569457,4.0,2.0,Downtown,1967,Low,652700.0
HOU_1142,835.5100592632634,3.0,1.5,Suburbs,2001,Low,248400.0
HOU_1143,1910.7803151193825,2.0,1.0,Suburbs,1995,Medium,326300.0
HOU_1144,1955.9296765490542,3.0,2.0,Suburbs,1993,Medium,376700.0
HOU_1145,2269.0937230663862,3.0,2.0,Suburbs,1971,Medium,416300.0
HOU_1146,1057.829573473151,3.0,2.0,Downtown,2002,Medium,360200.0
HOU_1147,1007.7260321494342,3.0,2.0,Suburbs,2008,Low,281300.0
HOU_1148,2113.1649393701387,4.0,1.0,Rural,1979,Medium,307300.0
HOU_1149,1978.1908039399116,4.0,2.0,Suburbs,1957,Low,416400.0
HOU_1150,1950.2957102075259,2.0,1.5,Downtown,2006,Medium,463800.0
HOU_1151,2007.8689256981854,1.0,1.5,Downtown,2022,Medium,442800.0
HOU_1152,1391.9851670529056,3.0,2.5,Downtown,1969,Low,418100.0
HOU_1153,1939.3522182966021,2.0,1.0,Suburbs,1974,Medium,329200.0
HOU_1154,1975.8434839792087,2.0,2.0,Suburbs,1968,High,332000.0
HOU_1155,1371.3891491841794,1.0,1.5,Suburbs,1954,?,248200.0
HOU_1156,2919.464706686854,3.0,3.0,Suburbs,2021,Medium,529800.0
HOU_1157,2084.2997525470723,2.0,2.0,Suburbs,1976,Medium,366100.0
HOU_1158,1085.2179016784107,3.0,1.5,Rural,1989,Low,189700.0
HOU_1159,2193.932165180298,5.0,2.0,Downtown,1975,Low,618100.0
HOU_1160,1215.1909978636072,1.0,2.5,Suburbs,1976,Medium,268700.0
HOU_1161,,1.0,4.0,Rural,2011,Medium,224100.0
HOU_1162,2495.1573474044426,2.0,1.5,Downtown,1999,High,568400.0
HOU_1163,1307.5906089889736,4.0,3.0,Downtown,1991,Medium,480000.0
HOU_1164,2378.025677546593,2.0,3.0,Rural,1978,Medium,278700.0
HOU_1165,2047.668556161899,2.0,3.0,Suburbs,1988,Medium,374200.0
HOU_1166,2293.236095996694,1.0,2.0,Suburbs,2009,High,404000.0
HOU_1167,2938.0757895923684,3.0,2.0,Downtown,1990,Medium,656900.0
HOU_1168,1652.7671303982777,0.0,2.0,Suburbs,1982,Medium,233900.0
HOU_1169,,3.0,2.5,Suburbs,1965,Medium,350500.0
HOU_1170,1266.291342224686,4.0,2.0,Downtown,1972,High,426600.0
HOU_1171,1310.513829020737,2.0,2.0,Suburbs,1956,Low,264000.0
HOU_1172,1753.7389743515375,4.0,2.0,Downtown,1975,High,499300.0
HOU_1173,2004.6911848899863,1.0,2.5,Suburbs,1961,Medium,353700.0
HOU_1174,1966.0144795980113,4.0,2.5,Downtown,2021,Medium,579700.0
HOU_1175,,3.0,1.0,Downtown,1954,Medium,457000.0
HOU_1176,1807.8011351267442,4.0,2.5,Suburbs,2018,Medium,425900.0
HOU_1177,2672.12044629439,1.0,2.0,Downtown,1998,Low,581900.0
HOU_1178,1641.2059000572262,2.0,2.5,downtown,1975,High,463500.0
HOU_1179,3432.101499953771,0.0,2.0,Downtown,1954,Medium,645100.0
HOU_1180,2175.400408659004,2.0,2.0,Suburbs,2032,Medium,351800.0
HOU_1181,,2.0,3.0,Downtown,1962,Low,478500.0
HOU_1182,1157.4645011633327,2.0,1.5,Suburbs,1977,Medium,282400.0
HOU_1183,2089.483449145911,2.0,2.5,downtown,1982,Medium,503100.0
HOU_1184,1665.9223288044896,3.0,2.0,Downtown,1972,Medium,496300.0
HOU_1185,2228.400296455255,4.0,2.0,SUBURBS ,1967,Medium,464600.0
HOU_1186,,3.0,2.0,Downtown,1979,Medium,493700.0
HOU_1187,1756.3026524058764,1.0,2.0,Rural,1975,?,242800.0
HOU_1188,1291.923769158957,3.0,2.0,Suburbs,1965,Medium,316700.0
HOU_1189,891.0916651884812,1.0,1.0,Rural,1988,High,88000.0
HOU_1190,1532.0910287597874,5.0,1.5,Suburbs,1982,Low,371400.0
HOU_1191,2313.8392765940835,2.0,1.0,Suburbs,1975,Medium,416600.0
HOU_1192,1928.4562464781225,3.0,4.0,Downtown,1997,Medium,525200.0
HOU_1193,,5.0,4.0,Downtown,2014,Medium,581800.0
HOU_1194,1903.9085555107092,4.0,2.0,downtown,1987,High,510100.0
HOU_1195,2031.1904278373022,3.0,2.5,Suburbs,1951,Low,441900.0
HOU_1196,1269.68553827932,4.0,2.0,Suburbs,1955,Low,366000.0
HOU_1197,1892.2350635673167,12.0,2.0,Rural,1995,High,407300.0
HOU_1198,,3.0,2.5,Suburbs,1999,Low,381400.0
HOU_1199,1114.2178213016261,3.0,3.0,SUBURBS ,1987,Medium,290100.0
HOU_1200,2014.67241620897,3.0,2.0,Rural,1967,Medium,290000.0
HOU_1201,2136.4707158209408,3.0,2.5,Suburbs,1976,High,429100.0
HOU_1202,2449.830745905166,3.0,1.5,Rural,1990,Low,-50000.0
HOU_1203,2432.2812312209417,3.0,4.0,Downtown,2021,Low,626600.0
HOU_1204,973.3983792257453,2.0,1.0,Suburbs,2023,Medium,290500.0
HOU_1205,1237.3049760509264,2.0,2.0,Suburbs,1966,High,257900.0
HOU_1206,2109.021160325196,1.0,2.0,Downtown,2011,Medium,431300.0
HOU_1207,2108.271570547325,2.0,2.0,Rural,1978,Medium,260200.0
HOU_1208,2109.0286117836285,1.0,1.0,downtown,2007,Medium,414600.0
HOU_1209,4111.638894392832,3.0,3.0,Suburbs,2019,High,633500.0
HOU_1210,2142.5343064159,2.0,1.5,Suburbs,1971,High,359600.0
HOU_1211,2481.3393841083594,4.0,2.0,SUBURBS ,1955,?,459300.0
HOU_1212,2372.401058095921,1.0,1.5,Suburbs,1975,Low,363100.0
HOU_1213,2190.8347507834787,2.0,2.0,Suburbs,1988,Low,403300.0
HOU_1214,1610.8384532157927,3.0,2.0,Suburbs,1961,Medium,338200.0
HOU_1215,2255.3815322959604,3.0,2.0,downtown,1963,High,549700.0
HOU_1216,1336.3048712774569,1.0,1.5,Suburbs,1971,Low,275700.0
HOU_1217,1657.9088359559946,4.0,1.5,Rural,2000,Low,244700.0
HOU_1218,1508.7818713025379,4.0,2.0,Rural,1972,Medium,247400.0
HOU_1219,1849.1244836317935,2.0,2.5,Suburbs,1997,Low,366700.0
HOU_1220,3188.795140004105,2.0,3.0,Suburbs,2020,Medium,488800.0
HOU_1221,,5.0,1.0,Rural,1999,Medium,236500.0
HOU_1222,2211.756114224708,3.0,2.0,Suburbs,1962,Medium,427300.0
HOU_1223,832.370477286209,3.0,1.0,Rural,1959,Medium,177800.0
HOU_1224,,4.0,1.0,SUBURBS ,2004,Medium,422300.0
HOU_1225,2453.3703581804198,2.0,2.0,Suburbs,1958,Medium,427600.0
HOU_1226,1838.5680114572776,3.0,2.0,Rural,2001,Medium,279300.0
HOU_1227,1153.3531332424163,2.0,1.5,Rural,1951,Medium,178700.0
HOU_1228,1370.817774444019,3.0,1.5,Rural,1974,Medium,224300.0
HOU_1229,2207.7586493608055,3.0,1.0,Suburbs,1962,Low,438300.0
HOU_1230,1361.780020969718,3.0,2.5,Downtown,2000,Low,381200.0
HOU_1231,1929.8751537491848,2.0,4.0,Suburbs,2007,Low,399900.0
HOU_1232,1827.3431039422883,2.0,1.0,Suburbs,1983,Low,377000.0
HOU_1233,1409.0397914365099,3.0,1.5,Suburbs,1984,Medium,322200.0
HOU_1234,3086.3664535951957,3.0,3.0,Rural,1952,High,411300.0
HOU_1235,2180.3514133908066,3.0,3.0,Suburbs,2008,Medium,419100.0
HOU_1236,584.9144480054358,1.0,2.0,Suburbs,2019,Medium,174500.0
HOU_1237,1911.8725888616566,4.0,1.0,Downtown,1997,Medium,513400.0
HOU_1238,1402.928121138967,1.0,1.0,Rural,2013,Medium,136500.0
HOU_1239,2311.4600008777343,5.0,2.0,Suburbs,1968,Medium,459000.0
HOU_1240,1324.4875569403796,1.0,2.0,Downtown,2016,Low,321200.0
HOU_1241,1731.1581351198606,3.0,1.0,Suburbs,2022,Low,364200.0
HOU_1242,2102.992367388274,1.0,2.0,Rural,1954,Medium,267600.0
HOU_1243,2319.453116502073,4.0,1.0,Suburbs,2016,?,449800.0
HOU_1244,,3.0,2.5,Downtown,1960,Low,508500.0
HOU_1245,1599.2992584954309,2.0,2.0,SUBURBS ,2017,Low,318600.0
HOU_1246,1515.0328133034263,2.0,1.0,Rural,2018,Medium,231800.0
HOU_1247,1408.002460455773,2.0,2.0,SUBURBS ,1950,Low,299100.0
HOU_1248,2859.272544168658,2.0,2.0,Suburbs,2012,High,474300.0
HOU_1249,2042.9890265765732,4.0,4.0,Suburbs,1978,Medium,449800.0
HOU_1250,1043.469627398973,3.0,2.0,Rural,1961,High,209800.0
HOU_1251,2350.717168232866,3.0,1.5,Suburbs,1990,Medium,421200.0
HOU_1252,3073.2937182075802,3.0,2.5,Rural,1951,Medium,391400.0
HOU_1253,2419.479156330688,3.0,1.5,Suburbs,1986,Medium,415200.0
HOU_1254,888.378020427592,2.0,3.0,Suburbs,1994,Medium,229600.0
HOU_1255,1509.4595562802492,2.0,2.0,Downtown,1997,Medium,418200.0
HOU_1256,2560.146689511974,3.0,2.0,Downtown,1973,Low,599100.0
HOU_1257,1375.3983206287317,5.0,1.0,Downtown,1971,Medium,452500.0
HOU_1258,2066.291656887737,12.0,2.0,Downtown,1960,Medium,834100.0
HOU_1259,2264.780432057602,2.0,2.5,SUBURBS ,2007,High,397100.0
HOU_1260,1243.8417170531502,3.0,2.5,Downtown,1995,Medium,401300.0
HOU_1261,1764.28478636292,5.0,1.5,Suburbs,1978,Medium,437200.0
HOU_1262,500.0,2.0,1.5,Rural,1984,Low,158500.0
HOU_1263,1185.367415199426,3.0,2.5,Suburbs,1964,Medium,336200.0
HOU_1264,1648.459109164104,4.0,3.0,Downtown,2009,Medium,505000.0
HOU_1265,1051.3300908210904,1.0,1.0,Rural,1991,High,175900.0
HOU_1266,2779.446782358981,1.0,2.0,Suburbs,1992,High,419600.0
HOU_1267,941.9151732236204,3.0,2.0,Rural,2023,Low,169500.0
HOU_1268,1535.9733079818097,4.0,3.0,Rural,1998,High,218500.0
HOU_1269,1878.4443463716548,2.0,1.0,SUBURBS ,2013,Low,0.0
HOU_1270,2664.7639734396694,3.0,1.5,Suburbs,1981,Medium,450000.0
HOU_1271,938.4827092923364,3.0,2.5,Suburbs,2013,Medium,272600.0
HOU_1272,2497.8982512929756,3.0,1.0,Suburbs,1951,Low,421500.0
HOU_1273,1806.1398366117521,3.0,2.0,Downtown,1973,Medium,497200.0
HOU_1274,1211.0948093712295,3.0,2.0,Rural,2015,Low,202700.0
HOU_1275,2077.262084557962,3.0,2.0,Downtown,1987,Low,499500.0
HOU_1276,1919.435817344082,3.0,2.0,Suburbs,1980,Medium,394200.0
HOU_1277,1439.8698737047232,3.0,2.0,Rural,1975,Medium,200800.0
HOU_1278,1841.8812509940115,3.0,1.5,Suburbs,1978,High,351800.0
HOU_1279,1568.8118418829438,4.0,2.0,Suburbs,2016,Medium,326100.0
HOU_1280,1868.1104071507489,12.0,2.5,Suburbs,1974,Medium,583200.0
HOU_1281,2197.278404712628,4.0,2.5,Rural,1997,Medium,319400.0
HOU_1282,2751.6100896872113,4.0,1.5,Suburbs,2014,Low,463400.0
HOU_1283,1057.3107007038907,2.0,1.0,Rural,2002,Low,139700.0
HOU_1284,3079.8200247937602,3.0,1.5,Downtown,2016,Medium,672200.0
HOU_1285,628.747320286499,3.0,2.0,Rural,1967,Medium,150400.0
HOU_1286,1708.92894297865,2.0,2.0,Rural,1958,Medium,274400.0
HOU_1287,2152.990323890746,2.0,2.0,Downtown,1987,Medium,541500.0
HOU_1288,1968.5951206410195,1.0,1.0,Suburbs,1970,Medium,308900.0
HOU_1289,1426.3802881076438,2.0,1.0,Downtown,2014,Low,383200.0
HOU_1290,1675.126649785635,4.0,2.0,Rural,1970,Low,281700.0
HOU_1291,1504.1994392047004,2.0,2.0,Suburbs,1976,High,298600.0
HOU_1292,1446.381145833473,4.0,1.5,Suburbs,2019,Medium,316200.0
HOU_1293,2309.761258212615,3.0,2.0,Downtown,1993,High,561600.0
HOU_1294,2014.2092915790283,4.0,1.5,Downtown,1977,Low,535000.0
HOU_1295,1384.2542428436075,3.0,3.0,Downtown,1994,?,428200.0
HOU_1296,2339.7599252599503,1.0,3.0,Suburbs,1966,Low,409600.0
HOU_1297,1984.3797125259657,3.0,1.5,Suburbs,1989,Low,370600.0
HOU_1298,2287.717271303376,1.0,1.5,Rural,1952,?,237400.0
HOU_1299,2177.777305154167,3.0,2.0,Suburbs,2015,Low,418500.0
HOU_1300,1302.6029934467565,4.0,1.5,Suburbs,1995,Medium,336500.0
HOU_1301,1463.8913758818182,2.0,2.0,SUBURBS ,1979,Low,282100.0
HOU_1302,2248.3761630739573,2.0,2.5,Rural,2018,Medium,303700.0
HOU_1303,2166.222159260079,3.0,2.0,downtown,1958,High,504000.0
HOU_1304,1787.4590436215112,4.0,2.5,Suburbs,1960,Medium,390400.0
HOU_1305,1870.3964299852692,3.0,2.0,Suburbs,2018,Medium,374300.0
HOU_1306,2566.598937473055,2.0,1.5,Downtown,2015,Low,546900.0
HOU_1307,1445.057166698502,3.0,2.5,Rural,1980,Medium,223800.0
HOU_1308,2128.2584287020227,2.0,2.0,Downtown,1982,Medium,538400.0
HOU_1309,1678.6844085396635,3.0,2.0,Suburbs,1988,Low,339400.0
HOU_1310,1669.3912780636679,5.0,1.5,Suburbs,1995,Medium,446700.0
HOU_1311,2459.266111192314,3.0,1.0,Suburbs,1986,Low,443900.0
HOU_1312,2295.249809392818,4.0,4.0,Suburbs,2009,High,487300.0
HOU_1313,2288.105781600383,1.0,1.5,Downtown,1980,Medium,493200.0
HOU_1314,2583.287284292597,3.0,4.0,Suburbs,1960,Low,545600.0
HOU_1315,1812.6023049796554,4.0,4.0,Suburbs,1951,Medium,407600.0
HOU_1316,2209.1717827769785,1.0,2.5,SUBURBS ,1976,Medium,355200.0
HOU_1317,1613.8399460439264,4.0,2.0,Rural,1951,Medium,246500.0
HOU_1318,1994.4998114930652,2.0,2.0,downtown,1970,?,480800.0
HOU_1319,1721.9141673793893,3.0,3.0,Rural,2007,Medium,229100.0
HOU_1320,1858.197578995631,4.0,1.5,Suburbs,1954,High,395900.0
HOU_1321,2157.0942152621483,3.0,2.0,Downtown,2001,Medium,571900.0
HOU_1322,1309.0675900599165,1.0,2.0,Suburbs,1994,Low,265100.0
HOU_1323,3055.432365411276,3.0,2.0,Suburbs,1969,Medium,515800.0
HOU_1324,1196.3895711001787,3.0,2.0,Suburbs,2010,Medium,286200.0
HOU_1325,1071.4868323273608,4.0,2.0,Suburbs,1987,Medium,326500.0
HOU_1326,,3.0,2.0,Suburbs,1969,High,354500.0
HOU_1327,2274.9976163777615,2.0,3.0,Suburbs,1974,Medium,454900.0
HOU_1328,2174.471890231293,3.0,1.5,Suburbs,1951,High,447100.0
HOU_1329,2177.007305558568,3.0,3.0,Downtown,1981,Medium,565700.0
HOU_1330,1792.6519362918511,3.0,2.0,Rural,1975,Medium,258900.0
HOU_1331,1261.6473771085011,3.0,2.5,Downtown,2019,Medium,428700.0
HOU_1332,,4.0,2.0,Downtown,1990,Medium,536700.0
HOU_1333,1393.702973092733,3.0,2.5,Suburbs,2016,?,313600.0
HOU_1334,2385.0718400506507,3.0,1.0,Suburbs,1950,Medium,415700.0
HOU_1335,1711.765571098717,2.0,2.5,Suburbs,2000,Low,316500.0
HOU_1336,,2.0,1.0,Suburbs,1954,Medium,339200.0
HOU_1337,1607.168495008204,2.0,3.0,Suburbs,1962,Medium,351200.0
HOU_1338,2047.7588725653745,2.0,4.0,Suburbs,1968,Low,378700.0
HOU_1339,1461.7652683176152,3.0,1.5,downtown,1961,Low,410700.0
HOU_1340,1306.667762660141,3.0,1.5,downtown,1997,Medium,368600.0
HOU_1341,1946.2123268951473,3.0,2.5,Suburbs,1974,Medium,378100.0
HOU_1342,1946.9799426652337,4.0,1.5,Suburbs,2006,Medium,417200.0
HOU_1343,1495.8340947773222,5.0,3.0,Rural,1984,Low,265000.0
HOU_1344,1517.3770166290064,4.0,1.0,Downtown,1954,Low,445200.0
HOU_1345,1939.2299624145817,3.0,1.0,Suburbs,1971,Medium,340200.0
HOU_1346,931.1493951016055,3.0,4.0,Suburbs,2006,Medium,300500.0
HOU_1347,955.5217353740669,3.0,2.0,downtown,1996,Low,349700.0
HOU_1348,1368.9334672485384,1.0,2.5,Downtown,2003,Medium,345200.0
HOU_1349,1671.9317089728916,2.0,2.0,Suburbs,1952,Medium,326900.0
HOU_1350,1986.5445393588027,4.0,2.0,Rural,2002,Low,296500.0
HOU_1351,2685.213730169731,4.0,2.0,Suburbs,1980,Low,485900.0
HOU_1352,2314.5957739212117,2.0,2.0,Downtown,2018,Low,500600.0
HOU_1353,1704.0368820219437,3.0,2.0,SUBURBS ,1982,High,395600.0
HOU_1354,1788.5902752583868,4.0,2.0,Suburbs,2021,Medium,382000.0
HOU_1355,1198.4823812173147,1.0,2.0,Suburbs,1999,Medium,246900.0
HOU_1356,1788.892118404566,2.0,1.5,Downtown,1965,Medium,458500.0
HOU_1357,1626.804816647917,4.0,2.5,Suburbs,1988,Medium,453300.0
HOU_1358,1993.6311362028537,3.0,1.5,Suburbs,1995,Medium,361800.0
HOU_1359,,1.0,2.0,Downtown,1996,Medium,426300.0
HOU_1360,2111.6079085447036,3.0,1.5,Downtown,1993,Low,507000.0
HOU_1361,2719.6433478015465,4.0,2.0,Rural,1958,Medium,343700.0
HOU_1362,1734.7439109258855,3.0,2.5,Downtown,1999,Medium,467500.0
HOU_1363,2041.027033259365,2.0,1.5,Downtown,2009,Medium,455100.0
HOU_1364,2214.0863950266676,2.0,1.0,Suburbs,1964,Medium,379900.0
HOU_1365,1559.2677168684982,3.0,1.0,Rural,1985,Low,199500.0
HOU_1366,1934.45548908625,3.0,2.0,Downtown,2012,Medium,522200.0
HOU_1367,,3.0,2.5,Suburbs,2018,Medium,379600.0
HOU_1368,1858.605659129299,1.0,1.0,Downtown,1990,High,415400.0
HOU_1369,1336.19412968672,4.0,2.5,Downtown,2023,Medium,442900.0
HOU_1370,1814.7061045553655,1.0,2.0,Downtown,1973,Medium,412300.0
HOU_1371,2098.7989747472698,2.0,2.0,Rural,1998,Medium,273100.0
HOU_1372,2670.686164677025,1.0,3.0,Downtown,1967,High,549300.0
HOU_1373,2375.562495651124,2.0,2.0,Downtown,1956,Medium,532400.0
HOU_1374,3091.9094745069337,3.0,2.0,Suburbs,1953,Medium,508800.0
HOU_1375,1339.5914622671703,3.0,1.0,Rural,2018,Medium,192700.0
HOU_1376,2323.392382032407,2.0,1.0,Suburbs,2009,Medium,351600.0
HOU_1377,1910.005203443011,3.0,1.5,Suburbs,2004,?,403500.0
HOU_1378,3113.881759930603,1.0,1.0,Downtown,1965,Low,589000.0
HOU_1379,1315.021028786909,3.0,2.0,Suburbs,1978,Low,336100.0
HOU_1380,1296.1668946915343,4.0,2.0,Suburbs,1972,High,356900.0
HOU_1381,1440.3644127335867,2.0,2.0,Suburbs,1963,Medium,277100.0
HOU_1382,525.6625654141158,3.0,1.5,Suburbs,1998,Medium,188800.0
HOU_1383,1484.5469869915432,2.0,1.5,Suburbs,1982,Medium,351900.0
HOU_1384,1344.5204030677812,1.0,2.0,Downtown,1974,Low,381300.0
HOU_1385,1890.2362718857246,2.0,4.0,Suburbs,1970,Medium,386200.0
HOU_1386,2005.0535854662958,3.0,1.0,Downtown,1966,Medium,499900.0
HOU_1387,2925.702503529532,3.0,3.0,Rural,1972,Medium,352100.0
HOU_1388,2370.25430291163,2.0,2.0,SUBURBS ,2006,Medium,423100.0
HOU_1389,1453.8578066025582,4.0,2.0,SUBURBS ,2007,High,340100.0
HOU_1390,1260.951197190985,3.0,2.0,Rural,1963,Low,173800.0
HOU_1391,2095.1515029039033,4.0,1.0,Suburbs,1969,High,390000.0
HOU_1392,1007.8600757876147,3.0,1.0,Rural,1979,Low,183100.0
HOU_1393,2898.8752595126125,3.0,2.0,Suburbs,1968,Medium,480200.0
HOU_1394,2507.664072432772,2.0,2.0,Suburbs,2002,High,429600.0
HOU_1395,1518.4946087371773,2.0,3.0,Suburbs,2005,Medium,305700.0
HOU_1396,772.1192825454734,5.0,2.0,Suburbs,1972,Medium,282000.0
HOU_1397,2612.3234244992477,2.0,1.0,Rural,2011,Medium,317000.0
HOU_1398,1731.2760928484292,5.0,2.5,Suburbs,1982,Medium,425200.0
HOU_1399,2542.689787184077,3.0,1.5,Suburbs,1967,Low,452400.0
HOU_1400,843.3434047233798,2.0,2.0,downtown,2022,?,318100.0
HOU_1401,1440.3749862277364,1.0,2.0,Downtown,1982,Medium,370800.0
HOU_1402,1803.14621983091,2.0,3.0,Suburbs,1981,Medium,390300.0
HOU_1403,1828.1883562588453,4.0,2.5,downtown,2010,Medium,519800.0
HOU_1404,1529.960717112454,3.0,2.0,Suburbs,2003,Low,330000.0
HOU_1405,2173.7099594084993,2.0,2.0,Suburbs,1966,Low,364800.0
HOU_1406,1159.4277423704434,2.0,3.0,Downtown,1968,Medium,360800.0
HOU_1407,1714.572308987224,2.0,1.5,Suburbs,2019,Medium,347500.0
HOU_1408,1872.1773790271393,3.0,1.0,Rural,1983,Medium,281300.0
HOU_1409,2108.6633004352493,2.0,1.5,Suburbs,1974,High,394700.0
HOU_1410,2226.968926853334,4.0,1.5,Suburbs,2017,Low,403900.0
HOU_1411,1125.2147448972785,2.0,2.0,Downtown,2023,Medium,366200.0
HOU_1412,879.5314975586266,2.0,2.0,Downtown,2023,Low,269400.0
HOU_1413,2566.6060931391053,3.0,2.0,SUBURBS ,1960,Medium,481000.0
HOU_1414,1999.388407187755,3.0,1.0,Suburbs,1965,Low,372600.0
HOU_1415,1350.908078066068,5.0,2.5,Suburbs,2010,?,388700.0
HOU_1416,2730.691185313514,12.0,2.0,Downtown,1956,Low,893300.0
HOU_1417,1869.4047805757152,1.0,2.0,Suburbs,1965,High,352800.0
HOU_1418,2507.578310438296,3.0,2.0,downtown,1965,Medium,563400.0
HOU_1419,1840.5110888460654,2.0,2.0,Suburbs,1989,?,337500.0
HOU_1420,3036.4487549291925,1.0,1.0,Downtown,1961,Medium,570700.0
HOU_1421,2853.204505465923,5.0,1.0,Suburbs,1984,High,497300.0
HOU_1422,1650.621510912556,3.0,2.5,Rural,1970,Low,254300.0
HOU_1423,2382.9425705726135,5.0,3.0,Suburbs,1999,Medium,542100.0
HOU_1424,2187.2255697510886,3.0,2.0,Rural,1992,High,345600.0
HOU_1425,2621.1789345194093,3.0,1.0,Suburbs,1966,Low,456500.0
HOU_1426,1221.0459236519373,2.0,2.0,Rural,1981,Low,215900.0
HOU_1427,2211.6308759990634,2.0,2.5,Suburbs,1990,Medium,407500.0
HOU_1428,2435.0546921097525,4.0,2.5,Downtown,1955,High,633600.0
HOU_1429,744.7563081461315,2.0,1.0,Suburbs,1976,Medium,197500.0
HOU_1430,1090.044892400535,4.0,1.0,Downtown,1969,Medium,388400.0
HOU_1431,576.4606933439397,3.0,2.5,downtown,1974,Low,311900.0
HOU_1432,1638.3558993332654,2.0,2.0,Rural,2015,Low,217100.0
HOU_1433,2230.5253534775775,3.0,1.5,Suburbs,1958,High,413600.0
HOU_1434,2701.414231257617,3.0,1.0,Suburbs,2002,Low,463000.0
HOU_1435,1844.4568682518652,2.0,2.0,Downtown,2010,Medium,473300.0
HOU_1436,2777.169327342775,4.0,3.0,Rural,1987,High,348500.0
HOU_1437,971.9391250710652,3.0,4.0,Suburbs,1952,Low,300600.0
HOU_1438,777.9705363869072,2.0,2.0,Downtown,2019,Medium,328600.0
HOU_1439,1766.6713806620287,3.0,2.0,Suburbs,2004,Low,390300.0
HOU_1440,2030.4392693635843,5.0,1.0,Downtown,1950,Medium,590700.0
HOU_1441,1780.3831511435442,2.0,2.0,Suburbs,2019,Low,344100.0
HOU_1442,559.534739976074,4.0,2.0,Suburbs,1994,Medium,253600.0
HOU_1443,1746.527976292327,2.0,2.0,Downtown,1996,Medium,461500.0
HOU_1444,1017.318299697088,3.0,2.0, Rural,1975,Medium,-50000.0
HOU_1445,2201.803529298023,3.0,1.5,Downtown,1963,Medium,496200.0
HOU_1446,2019.958947658109,2.0,1.0,Downtown,2003,Low,438300.0
HOU_1447,1236.072128203587,2.0,2.0,Downtown,2020,Medium,388000.0
HOU_1448,1491.6798495979838,3.0,1.0,Rural,1995,Medium,217800.0
HOU_1449,1164.4718868666291,3.0,1.5,Suburbs,1980,Medium,273800.0
HOU_1450,1762.392541636097,3.0,4.0,Suburbs,2008,Low,371400.0
HOU_1451,2373.085392300743,2.0,2.0,Downtown,1978,Medium,528100.0
HOU_1452,1208.5643721986737,4.0,2.0,Downtown,1966,Low,394500.0
HOU_1453,2102.4279093107066,3.0,3.0,Suburbs,1963,Medium,464100.0
HOU_1454,1481.8454289765355,4.0,4.0,Rural,1985,Low,271000.0
HOU_1455,1324.2763006425935,2.0,2.0,Rural,2007,Medium,201100.0
HOU_1456,1735.7817840272653,3.0,2.5,Downtown,1973,Low,493800.0
HOU_1457,1178.8546065483756,3.0,2.0,Suburbs,2012,High,315700.0
HOU_1458,1467.8104167916908,2.0,2.0,downtown,1974,High,416900.0
HOU_1459,1081.273264446691,3.0,2.0,Suburbs,2008,Low,306200.0
HOU_1460,2978.8350797498333,1.0,2.0,Rural,1981,Medium,311100.0
HOU_1461,1821.158131183037,3.0,2.0,Downtown,1967,Low,479600.0
HOU_1462,1380.1646952044487,3.0,2.0,downtown,1986,Medium,432200.0
HOU_1463,1928.3879464405331,1.0,1.0,Rural,1975,Medium,214400.0
HOU_1464,1732.6031701855022,3.0,2.0,SUBURBS ,1958,Medium,362800.0
HOU_1465,1667.4182402800661,3.0,1.0,Suburbs,2013,Medium,348100.0
HOU_1466,,1.0,2.0,Suburbs,2021,Low,336700.0
HOU_1467,2254.504626028383,5.0,2.0,downtown,1969,Medium,582600.0
HOU_1468,1481.6993114336835,4.0,2.5,Suburbs,2003,Low,379600.0
HOU_1469,1454.509055613192,3.0,2.5,Suburbs,1979,Medium,332400.0
HOU_1470,1634.9689817090136,1.0,3.0,Rural,2002,Medium,235500.0
HOU_1471,,3.0,2.0,Rural,2012,Medium,275200.0
HOU_1472,890.8853626808686,3.0,2.5,downtown,1960,Low,382400.0
HOU_1473,2620.1245604667147,2.0,2.0,Downtown,1980,Medium,604800.0
HOU_1474,2786.9806281007704,3.0,1.5,Rural,1998,Medium,364300.0
HOU_1475,1650.578376266173,3.0,1.0,Rural,1968,Low,265500.0
HOU_1476,2145.9341778334597,3.0,1.5,Downtown,1961,Medium,532300.0
HOU_1477,1986.7500927261217,3.0,2.0,Suburbs,2032,High,394100.0
HOU_1478,,3.0,2.0,Suburbs,1980,High,388500.0
HOU_1479,2471.744946860746,4.0,2.5,Suburbs,1992,Medium,498800.0
HOU_1480,1723.2494451115401,2.0,1.5, Rural,1986,Medium,224300.0
HOU_1481,1226.6757356397445,3.0,1.0,Suburbs,1978,Low,295300.0
HOU_1482,836.1322078454565,4.0,4.0,Rural,1975,High,216500.0
HOU_1483,1922.0781815203338,3.0,1.0,SUBURBS ,1951,Low,353600.0
HOU_1484,1346.189552829418,3.0,2.0,Suburbs,1964,High,342400.0
HOU_1485,946.6477742413955,3.0,2.0,Rural,1953,Medium,189100.0
HOU_1486,1412.056269454484,3.0,2.0,Suburbs,1999,Medium,365400.0
HOU_1487,1151.071197831363,4.0,1.0,Rural,1987,High,179700.0
HOU_1488,2812.284981043539,3.0,1.0,Downtown,1972,Low,609600.0
HOU_1489,2328.9838541696704,5.0,1.0,SUBURBS ,2008,Medium,470100.0
HOU_1490,1795.2164152100295,1.0,2.0,Downtown,1977,Medium,439300.0
HOU_1491,,1.0,2.0,Suburbs,2015,Low,329000.0
HOU_1492,1846.420984588571,3.0,1.5,Rural,1957,Medium,264600.0
HOU_1493,1283.2294792030418,2.0,2.0,Suburbs,1978,Medium,261400.0
HOU_1494,2713.8744463617945,2.0,2.5,Suburbs,1960,Medium,440000.0
HOU_1495,2123.346026210795,2.0,1.0,Suburbs,1967,Low,376300.0
HOU_1496,1177.652307404126,2.0,2.0,Rural,2004,High,162600.0
HOU_1497,1685.7967931498351,1.0,2.0,Downtown,1999,Low,388800.0
HOU_1498,1274.6290479691456,5.0,1.5,Downtown,1963,Low,465600.0
HOU_1499,970.3201614213983,2.0,2.0,Suburbs,2023,Low,226800.0
HOU_1500,2355.7065285189847,3.0,2.0,Suburbs,1958,Low,469800.0
HOU_1501,2945.6499842820785,3.0,3.0,Downtown,1960,Low,705000.0
HOU_1502,960.8594557085153,4.0,2.5,Suburbs,2012,?,271400.0
HOU_1503,2137.7815420143424,1.0,2.0,Suburbs,2016,Medium,342900.0
HOU_1504,1409.614458526904,4.0,2.5,Downtown,2002,Low,417900.0
HOU_1505,,3.0,2.0,Suburbs,1988,Low,355300.0
HOU_1506,1444.5636454566784,3.0,2.0,Rural,2005,Medium,245200.0
HOU_1507,1281.6055381921105,3.0,2.0,Downtown,1977,High,393200.0
HOU_1508,1829.1129767668963,4.0,1.5,Suburbs,1988,Low,401200.0
HOU_1509,1301.4299301533774,2.0,2.5,Suburbs,1974,Low,263200.0
HOU_1510,1962.2740954679034,3.0,2.0,Suburbs,1970,Low,406400.0
HOU_1511,1769.8571343305177,3.0,2.0,Rural,1959,Low,246100.0
HOU_1512,1656.6311718801542,3.0,3.0,Suburbs,1992,Low,369000.0
HOU_1513,1255.4618027750412,5.0,1.0,Suburbs,1964,Medium,338800.0
HOU_1514,1453.9372016590005,0.0,2.0,Downtown,1997,Low,305400.0
HOU_1515,2253.2347354954536,5.0,1.0,Suburbs,1970,Medium,437300.0
HOU_1516,2100.5503125746286,1.0,2.5,Suburbs,2009,Low,383900.0
HOU_1517,1213.4668531208695,1.0,2.5,Downtown,1999,High,343500.0
HOU_1518,1859.5993832575355,1.0,2.0,Suburbs,1972,High,349200.0
HOU_1519,2250.8322740230733,2.0,2.0,SUBURBS ,1962,Medium,406600.0
HOU_1520,798.3568313271769,3.0,2.0,Suburbs,2018,Medium,253700.0
HOU_1521,2126.0161154279613,1.0,2.5,Suburbs,1953,Medium,333100.0
HOU_1522,1402.425744632492,1.0,2.0,downtown,2021,Medium,349900.0
HOU_1523,2142.359201155896,4.0,2.0,Rural,1958,Medium,305400.0
HOU_1524,1342.0445060744898,4.0,3.0,Suburbs,1984,Medium,395100.0
HOU_1525,717.0707396012886,4.0,1.5,Rural,1970,High,194700.0
HOU_1526,823.4745372701024,4.0,1.0,Rural,2007,High,215400.0
HOU_1527,1828.8509679968292,3.0,2.0,Suburbs,1967,Medium,386400.0
HOU_1528,1955.8335010328892,2.0,4.0,Suburbs,2021,Medium,380500.0
HOU_1529,1257.4100249373548,2.0,2.0,Suburbs,1992,Low,283200.0
HOU_1530,2183.155475266424,3.0,1.0,SUBURBS ,1955,Low,406700.0
HOU_1531,803.087962638624,2.0,2.0,Suburbs,2016,Medium,207600.0
HOU_1532,1760.3521208116101,3.0,2.0,Downtown,1961,Low,468400.0
HOU_1533,1073.390280142526,1.0,1.5,Rural,1961,High,154300.0
HOU_1534,1408.8983353187045,2.0,2.0,Suburbs,2015,Low,331200.0
HOU_1535,1828.4392027898484,3.0,4.0,Downtown,1951,Medium,484100.0
HOU_1536,1283.7519808296286,3.0,2.0,Suburbs,1964,Medium,333200.0
HOU_1537,1569.2666734621048,3.0,2.0,Suburbs,1972,Medium,324600.0
HOU_1538,2403.7756855286643,3.0,2.0,Rural,1978,Medium,283000.0
HOU_1539,1453.8648782861108,1.0,1.0,Downtown,1956,High,367400.0
HOU_1540,2301.415267239085,2.0,3.0,Rural,1977,Medium,309500.0
HOU_1541,,4.0,2.0,Suburbs,1963,Medium,421100.0
HOU_1542,2117.88250674917,12.0,2.0,Downtown,1993,Low,840400.0
HOU_1543,2664.94117239474,2.0,2.0,SUBURBS ,1979,Medium,491000.0
HOU_1544,500.0,4.0,2.0,Suburbs,1981,High,251200.0
HOU_1545,1321.8628467177139,2.0,2.0,Suburbs,2019,Medium,285500.0
HOU_1546,2146.243276308324,3.0,1.0,Suburbs,1955,High,404400.0
HOU_1547,,2.0,2.5,Rural,1976,Medium,272300.0
HOU_1548,2022.6875240227853,3.0,3.0,Suburbs,1973,Low,397100.0
HOU_1549,1437.6088879705076,3.0,2.0,Downtown,1983,Low,412700.0
HOU_1550,1851.95387248374,2.0,4.0,Downtown,1989,Medium,490700.0
HOU_1551,1706.5936587647523,4.0,1.5,Suburbs,1996,Medium,335200.0
HOU_1552,2500.6692369958846,3.0,2.0,Rural,1973,Medium,321300.0
HOU_1553,1952.652505980728,2.0,2.0,Suburbs,2014,Low,326600.0
HOU_1554,2002.5615972451212,2.0,2.0,Downtown,1967,Medium,482500.0
HOU_1555,1552.8738203265195,2.0,2.0,Downtown,1993,Medium,428600.0
HOU_1556,1507.436265556504,1.0,2.0,Suburbs,2006,Medium,276400.0
HOU_1557,1540.4650873082273,3.0,1.0,downtown,1977,Low,455900.0
HOU_1558,2036.671285426978,4.0,2.0,Suburbs,2020,Low,395200.0
HOU_1559,1547.4093115078422,3.0,1.5, Rural,1972,Low,257100.0
HOU_1560,1973.8649141378478,2.0,2.5,Suburbs,1983,Low,387900.0
HOU_1561,3045.240479187263,1.0,1.5,Downtown,1960,Low,567500.0
HOU_1562,2322.6748220590152,2.0,1.0,Rural,1984,Low,329800.0
HOU_1563,1604.3858806992953,3.0,2.0,Suburbs,1991,Medium,346300.0
HOU_1564,2520.728353298367,3.0,2.0,Rural,1977,Medium,302700.0
HOU_1565,1555.1547761870693,2.0,3.0, Rural,1973,?,204000.0
HOU_1566,577.1252788932877,3.0,2.0,Downtown,1957,Low,287100.0
HOU_1567,,4.0,2.0,Downtown,2002,Medium,512300.0
HOU_1568,,3.0,2.5,Rural,2021,Medium,267000.0
HOU_1569,1589.0919095752147,4.0,2.0,Suburbs,1953,Low,364700.0
HOU_1570,1811.051027513731,3.0,1.0,Downtown,1954,High,477200.0
HOU_1571,,3.0,2.0,Downtown,1998,Low,474500.0
HOU_1572,1996.1564242584975,3.0,3.0,Downtown,1979,High,493700.0
HOU_1573,1668.5396827146815,3.0,2.0,Rural,2021,High,245700.0
HOU_1574,2297.6433487100935,2.0,1.5,Downtown,2012,Medium,470300.0
HOU_1575,500.0,2.0,1.0,Suburbs,1996,Medium,182100.0
HOU_1576,1941.3687348651397,2.0,1.5,Suburbs,1975,Medium,335900.0
HOU_1577,2262.51911633218,3.0,2.0,Suburbs,2006,Medium,429800.0
HOU_1578,912.8482525320951,2.0,2.0,Downtown,1986,Medium,337700.0
HOU_1579,2486.2524259241573,0.0,1.0,Rural,1956,Low,235400.0
HOU_1580,2003.0978444966486,3.0,3.0,Downtown,1989,Low,554700.0
HOU_1581,1550.8272516595193,3.0,2.5,Rural,1988,Medium,235400.0
HOU_1582,2179.6691196637707,2.0,2.0,Rural,2011,Medium,309200.0
HOU_1583,3162.4157146826374,4.0,2.5,Suburbs,2002,High,559700.0
HOU_1584,1909.1197530350971,4.0,1.0,Suburbs,1953,Low,377300.0
HOU_1585,1948.9323517802018,3.0,2.0,Suburbs,1974,High,402600.0
HOU_1586,,2.0,2.0,Suburbs,1956,Low,337300.0
HOU_1587,1290.0933783211249,3.0,2.5,Rural,1977,Medium,205300.0
HOU_1588,2298.2014899265473,2.0,2.5,Rural,2018,Medium,279700.0
HOU_1589,1286.3497044546798,2.0,1.5,Suburbs,2016,Medium,276000.0
HOU_1590,1842.9397423316354,3.0,3.0,Suburbs,1969,Low,418000.0
HOU_1591,1513.40553194093,3.0,1.0,downtown,1960,Medium,379400.0
HOU_1592,2087.387895447835,3.0,3.0,SUBURBS ,2016,High,420900.0
HOU_1593,2000.197263172169,4.0,4.0,Suburbs,1956,Medium,462500.0
HOU_1594,2422.5239665547397,3.0,1.5,Suburbs,1972,Medium,442100.0
HOU_1595,1493.9901606871517,3.0,2.5,Suburbs,2010,High,368000.0
HOU_1596,1638.0750388239771,2.0,1.0,SUBURBS ,2020,Medium,310100.0
HOU_1597,1212.7417705306157,4.0,2.0,Downtown,1983,Medium,419500.0
HOU_1598,1533.424043954333,1.0,2.0,Suburbs,1968,Low,300900.0
HOU_1599,,4.0,2.0,Suburbs,2007,High,398000.0
HOU_1600,2254.193169987211,4.0,3.0,Suburbs,1958,Medium,457700.0
HOU_1601,1246.7008054934247,2.0,2.0,Suburbs,1997,Low,289900.0
HOU_1602,2321.763552063396,3.0,2.0, Rural,1990,Low,290500.0
HOU_1603,2613.382715282971,4.0,2.5,Downtown,1997,High,639200.0
HOU_1604,2048.0609419342204,3.0,4.0,Suburbs,1994,Low,420200.0
HOU_1605,2926.0774875348397,4.0,1.0,Downtown,1974,?,698000.0
HOU_1606,1335.726480537856,4.0,4.0,Downtown,1974,Low,417000.0
HOU_1607,1053.2071780131498,3.0,1.0,Suburbs,1968,Medium,274300.0
HOU_1608,732.7678506574327,2.0,2.5,Suburbs,1988,Medium,226100.0
HOU_1609,2697.6265868935097,4.0,1.5,Suburbs,1976,Medium,462600.0
HOU_1610,2192.6193938124347,3.0,1.0,Suburbs,2023,High,409300.0
HOU_1611,1766.6491974537269,2.0,2.0,Downtown,2012,Medium,454100.0
HOU_1612,,1.0,2.0,Suburbs,2017,Medium,332800.0
HOU_1613,1124.706571620974,3.0,2.0,SUBURBS ,2032,Low,236900.0
HOU_1614,3267.451187770096,4.0,1.0,SUBURBS ,1977,Low,584400.0
HOU_1615,1877.5327091851366,4.0,2.0,Suburbs,1982,Low,390500.0
HOU_1616,1865.6368767629358,3.0,3.0,Suburbs,1959,Medium,407600.0
HOU_1617,2235.459974339215,2.0,2.0,downtown,1979,Low,532600.0
HOU_1618,2088.605539042028,2.0,1.5,Downtown,1971,Low,467500.0
HOU_1619,1934.3304145674788,4.0,2.0,Rural,1952,Medium,301700.0
HOU_1620,1325.7153267328129,2.0,1.0,SUBURBS ,1997,Medium,266400.0
HOU_1621,2082.8810142815973,2.0,2.5,Downtown,1951,Medium,462300.0
HOU_1622,2929.2146978850205,2.0,2.5,Downtown,2003,Low,659100.0
HOU_1623,2607.2520276929868,3.0,2.0,SUBURBS ,1955,Low,452400.0
HOU_1624,2755.911975983638,4.0,2.0,Suburbs,1989,High,493600.0
HOU_1625,1493.270594141289,2.0,2.5,Downtown,1951,Low,403600.0
HOU_1626,,3.0,2.0,Suburbs,2022,High,376400.0
HOU_1627,1724.5278479402111,3.0,2.5,Suburbs,1951,High,368300.0
HOU_1628,1833.4349473732168,5.0,2.0,Suburbs,2023,Medium,436000.0
HOU_1629,2456.514911082569,2.0,2.5,Rural,2004,Low,275800.0
HOU_1630,784.5212221711084,3.0,2.0, Rural,2021,High,159600.0
HOU_1631,2717.730191676368,2.0,2.0,Suburbs,2009,Medium,453800.0
HOU_1632,1705.1952608526065,4.0,4.0,Suburbs,1955,Medium,452600.0
HOU_1633,1543.871358031548,3.0,2.0,Suburbs,1968,Medium,338000.0
HOU_1634,1192.7373748438995,2.0,2.0,Suburbs,1976,Low,294800.0
HOU_1635,807.0859968805383,3.0,1.5,Downtown,1950,Low,318400.0
HOU_1636,2293.9023503771487,3.0,2.0,SUBURBS ,1982,Medium,420600.0
HOU_1637,1843.9907803130423,1.0,2.0,Rural,1989,Medium,223500.0
HOU_1638,1026.0234601553677,4.0,1.5,Suburbs,1981,Medium,292300.0
HOU_1639,1022.9527367618304,2.0,1.0,Suburbs,2018,Medium,249800.0
HOU_1640,1598.5291804259232,3.0,2.0,Downtown,1966,Medium,478400.0
HOU_1641,2801.4129151736356,3.0,2.5,Suburbs,1957,Medium,505900.0
HOU_1642,1644.245189181837,3.0,2.0,Suburbs,2006,High,376100.0
HOU_1643,898.1142281291363,2.0,1.5,Suburbs,1991,Low,211000.0
HOU_1644,1652.5541615484335,4.0,2.0, Rural,1958,Medium,256500.0
HOU_1645,1636.3658581513978,3.0,1.0,Suburbs,1984,Low,321900.0
HOU_1646,500.0,3.0,2.0,Suburbs,2020,Medium,221300.0
HOU_1647,1767.4230800893126,3.0,1.5,Rural,2002,Medium,244500.0
HOU_1648,1661.4392818747933,3.0,1.5,Downtown,2003,High,465500.0
HOU_1649,2217.723818888051,1.0,1.5,Suburbs,1974,Low,345000.0
HOU_1650,2909.3736569672074,2.0,2.0,Suburbs,2016,?,480000.0
HOU_1651,2475.9390177286546,4.0,1.0,Suburbs,2011,Low,475800.0
HOU_1652,1638.6667856671017,2.0,2.0,Rural,2004,Medium,187300.0
HOU_1653,1136.0844547549978,3.0,2.0,Suburbs,1995,Low,333800.0
HOU_1654,3344.0158819499165,5.0,2.0,Rural,1973,High,418700.0
HOU_1655,,12.0,2.0,Suburbs,1995,Medium,555500.0
HOU_1656,1808.3575751477676,3.0,2.5,Suburbs,1971,Medium,382700.0
HOU_1657,1785.524947733998,3.0,1.0,Rural,1960,High,248700.0
HOU_1658,1918.850856460713,3.0,2.0,Downtown,1997,Low,499200.0
HOU_1659,1713.3837528456345,1.0,1.0,Downtown,1957,Low,404100.0
HOU_1660,1455.8027958718583,1.0,1.0,Suburbs,1988,High,279600.0
HOU_1661,1471.8846352557648,3.0,2.0,Suburbs,1984,Medium,337600.0
HOU_1662,1780.348037870401,4.0,2.0,Downtown,1998,Low,520700.0
HOU_1663,1473.945137319741,3.0,3.0,Suburbs,1995,Medium,344800.0
HOU_1664,1372.2925303937013,3.0,2.0,Suburbs,1987,Medium,355200.0
HOU_1665,1863.8581366151382,1.0,4.0,Suburbs,1957,Low,329100.0
HOU_1666,1647.0136695474869,3.0,1.0,SUBURBS ,2003,Low,340400.0
HOU_1667,2702.3957931496134,2.0,1.0,Suburbs,1986,Low,440600.0
HOU_1668,500.0,4.0,1.0,Rural,1989,Medium,173800.0
HOU_1669,2454.904111153477,4.0,1.5,Downtown,1983,High,590300.0
HOU_1670,,3.0,2.0,Suburbs,1966,?,336100.0
HOU_1671,555.9658605551103,4.0,2.0,Rural,1982,Medium,175800.0
HOU_1672,1594.3874435517907,1.0,1.0,Suburbs,1996,Low,287000.0
HOU_1673,1577.1354804025252,3.0,3.0,Rural,2001,High,281300.0
HOU_1674,955.4929831693073,2.0,2.5,Suburbs,1958,Medium,226800.0
HOU_1675,1333.3099874454747,4.0,1.5,Downtown,1982,Low,455300.0
HOU_1676,1133.6544927205027,2.0,1.0,Suburbs,2009,High,298400.0
HOU_1677,2851.3622660541737,3.0,1.5,Suburbs,1970,Medium,482100.0
HOU_1678,2361.4070358884765,4.0,1.0,Rural,2007,Medium,288000.0
HOU_1679,2562.933056996495,1.0,1.0,Downtown,2018,Medium,508700.0
HOU_1680,2233.003238425941,2.0,2.0,SUBURBS ,1959,Low,398200.0
HOU_1681,1122.5689372696625,3.0,1.5,SUBURBS ,1955,Low,293500.0
HOU_1682,1485.2878402321357,3.0,2.0,Downtown,1962,Medium,421400.0
HOU_1683,2093.624736736751,2.0,4.0,Suburbs,2014,Low,442300.0
HOU_1684,1066.7233146648327,2.0,2.0,Rural,1969,Medium,158300.0
HOU_1685,2227.799058103433,2.0,3.0,SUBURBS ,2006,Medium,377600.0
HOU_1686,1655.804761105119,4.0,1.0,Suburbs,1995,Medium,385800.0
HOU_1687,1575.1075154702414,3.0,2.0,Suburbs,1957,Medium,298500.0
HOU_1688,2226.575980922095,1.0,2.0,Suburbs,1959,Medium,368100.0
HOU_1689,2066.557986891624,2.0,1.0,Suburbs,2022,High,425300.0
HOU_1690,1583.4203005085521,2.0,1.0,Suburbs,2016,Medium,304800.0
HOU_1691,2495.5978820185487,2.0,2.0,Rural,1960,Low,278200.0
HOU_1692,1151.3620034400615,3.0,2.0,Downtown,1961,Low,380000.0
HOU_1693,2169.561364166558,2.0,2.0,Downtown,1959,Medium,506400.0
HOU_1694,2155.86075478103,2.0,2.0,Suburbs,1974,Low,391900.0
HOU_1695,1614.2721364116057,3.0,2.0,Suburbs,1998,Low,362000.0
HOU_1696,1995.6798133452708,2.0,1.0,Suburbs,1998,Low,333700.0
HOU_1697,1049.3318541688182,3.0,2.0,Suburbs,1960,Medium,314700.0
HOU_1698,2354.4162115241406,3.0,1.5,Suburbs,2011,High,434900.0
HOU_1699,1689.0587181342066,3.0,1.0,Downtown,1985,Low,460000.0
HOU_1700,1486.3661876885762,3.0,4.0,Suburbs,1988,Medium,350800.0
HOU_1701,2429.4055355021337,12.0,2.0,SUBURBS ,2002,Medium,697300.0
HOU_1702,1377.3937856743444,4.0,2.5,Suburbs,2005,Low,347600.0
HOU_1703,954.9232221818642,3.0,2.0,Suburbs,1950,High,275100.0
HOU_1704,,3.0,2.0,Suburbs,2005,Medium,352300.0
HOU_1705,2163.6059708073835,4.0,1.5, Rural,1953,Medium,282600.0
HOU_1706,1031.7423885022301,3.0,1.0,Downtown,1979,Medium,356700.0
HOU_1707,2852.876509190619,2.0,1.5,Suburbs,1961,Low,456000.0
HOU_1708,550.8423552697668,2.0,2.5,Rural,1984,Medium,125400.0
HOU_1709,,2.0,2.0,Suburbs,2001,Low,333100.0
HOU_1710,1926.610480321571,4.0,2.0,Downtown,1980,High,548500.0
HOU_1711,1741.9721328777646,3.0,2.0,Suburbs,2017,Medium,351500.0
HOU_1712,1473.04854791463,4.0,3.0,Downtown,2001,Medium,480900.0
HOU_1713,2039.4816686112426,3.0,1.0,Suburbs,1956,Low,385000.0
HOU_1714,1777.419178545091,3.0,1.5,Rural,1971,Medium,214200.0
HOU_1715,2461.981129209913,1.0,2.0,Downtown,2005,Medium,491100.0
HOU_1716,1868.5365891972237,3.0,2.5,Rural,2007,Medium,277400.0
HOU_1717,1890.1810568771266,3.0,4.0,Downtown,2013,Medium,520600.0
HOU_1718,1581.8326726716864,5.0,1.5,Rural,1961,Medium,292300.0
HOU_1719,1765.8326257673596,2.0,3.0,Suburbs,1956,High,376200.0
HOU_1720,1984.6810613352354,3.0,2.5,Downtown,2004,Medium,535200.0
HOU_1721,773.8989644060246,3.0,1.5,Downtown,2011,High,348900.0
HOU_1722,991.0887467365721,3.0,2.0,SUBURBS ,2022,High,272300.0
HOU_1723,2245.958456413629,3.0,2.0,Downtown,2004,Medium,564800.0
HOU_1724,1902.5192628767652,3.0,4.0,Downtown,1985,Low,525600.0
HOU_1725,1689.6099981883926,2.0,1.5,Suburbs,1973,Medium,374300.0
HOU_1726,1811.0603598392358,0.0,2.5,Suburbs,1993,High,344500.0
HOU_1727,2008.5490232170027,3.0,2.0,Suburbs,1966,Low,396300.0
HOU_1728,1476.144191814383,4.0,2.5,Downtown,1951,Medium,481800.0
HOU_1729,1333.0171647586124,4.0,2.0,Suburbs,1962,High,367100.0
HOU_1730,1917.507153058609,2.0,2.0,Downtown,1980,Medium,465200.0
HOU_1731,1212.9763334309807,2.0,2.5,Downtown,1977,Medium,354800.0
HOU_1732,2044.9516534286831,5.0,2.5,Suburbs,2009,Low,475400.0
HOU_1733,778.4498374572958,3.0,3.0,Rural,1976,Low,186000.0
HOU_1734,2417.493382395386,4.0,1.0,Downtown,1964,Medium,595300.0
HOU_1735,,2.0,2.0,Suburbs,1982,Low,329300.0
HOU_1736,1953.6178405883254,3.0,1.0,Suburbs,1969,Low,340100.0
HOU_1737,2389.614590367308,4.0,2.0,SUBURBS ,1991,High,471500.0
HOU_1738,2799.284666677546,4.0,2.0,SUBURBS ,1961,Medium,534000.0
HOU_1739,2408.6220390108783,2.0,2.0,Rural,2022,?,288800.0
HOU_1740,695.4754612010129,3.0,2.0,Downtown,1972,?,338700.0
HOU_1741,1032.2538199585792,3.0,4.0,Downtown,2021,Low,387500.0
HOU_1742,1425.1088533825928,1.0,1.0,Suburbs,1963,Low,239900.0
HOU_1743,1815.6546301265003,3.0,2.0,Suburbs,1974,Medium,371500.0
HOU_1744,2110.5954122814737,3.0,2.0,Suburbs,1980,Medium,406600.0
HOU_1745,1364.5537121079205,4.0,1.0,Rural,2003,Low,245500.0
HOU_1746,1912.060058686247,3.0,1.5,Rural,1954,Medium,248400.0
HOU_1747,1346.7702405880063,2.0,3.0,Rural,1962,Low,242000.0
HOU_1748,1433.089318204831,1.0,3.0,Suburbs,1977,High,331300.0
HOU_1749,956.0033418910666,3.0,3.0,Suburbs,1992,Low,283900.0
HOU_1750,1246.0600523334574,2.0,4.0,Suburbs,1996,Low,334500.0
HOU_1751,988.9892366301998,3.0,1.5,Downtown,2020,Low,324900.0
HOU_1752,1214.4760482136003,2.0,2.0,Rural,1987,?,214500.0
HOU_1753,2432.185077964704,4.0,2.0,Downtown,2016,Medium,634400.0
HOU_1754,1230.3606667008341,5.0,2.0,Suburbs,2011,High,369900.0
HOU_1755,,3.0,2.0,Suburbs,1988,Medium,370700.0
HOU_1756,2095.9907405285335,4.0,2.0,Suburbs,1986,Medium,372400.0
HOU_1757,1910.9016742169242,3.0,2.0,Rural,1957,Low,256200.0
HOU_1758,1284.985331891272,3.0,2.0,Suburbs,2001,Medium,296700.0
HOU_1759,2220.1859276453947,2.0,1.5,Rural,1982,Medium,252700.0
HOU_1760,1454.6173042573357,3.0,2.0,Suburbs,1991,Medium,332000.0
HOU_1761,1873.205888787217,3.0,2.0,Suburbs,1976,Low,371400.0
HOU_1762,3336.0507229612767,4.0,2.0,Rural,1957,High,389700.0
HOU_1763,1742.36406016521,3.0,1.5,Suburbs,1972,Low,335400.0
HOU_1764,2489.5639957714056,4.0,2.5, Rural,2013,?,326100.0
HOU_1765,1378.0941449244676,3.0,1.0,Downtown,1969,Low,419400.0
HOU_1766,1779.006905701823,2.0,2.0,Suburbs,1965,Medium,330300.0
HOU_1767,2862.480381381306,5.0,2.5,Suburbs,1966,Medium,545700.0
HOU_1768,1423.8197653273396,3.0,2.0,downtown,1968,Medium,414500.0
HOU_1769,2887.469134798157,2.0,1.5,Downtown,1957,Medium,616500.0
HOU_1770,2224.651161273285,3.0,2.0,Rural,1987,Medium,304500.0
HOU_1771,1462.5199344634393,2.0,2.0,Suburbs,1987,Medium,244600.0
HOU_1772,2179.4446434333126,3.0,2.5,Suburbs,2002,Medium,444500.0
HOU_1773,2383.532669776038,3.0,2.5,Suburbs,1980,Medium,477300.0
HOU_1774,2173.0859773303177,3.0,2.0,Suburbs,1993,High,394800.0
HOU_1775,857.8651680657262,5.0,2.0,Suburbs,2009,Low,288500.0
HOU_1776,1363.7176945050787,3.0,1.0,Rural,1966,Medium,203500.0
HOU_1777,1651.488818669097,2.0,1.5,Suburbs,2022,Medium,305600.0
HOU_1778,1755.3399425399723,3.0,2.0,Suburbs,1988,Medium,370100.0
HOU_1779,2172.4032585304067,4.0,2.0,Suburbs,1991,Medium,401800.0
HOU_1780,1906.6206005599522,2.0,2.0,Downtown,1997,Medium,444100.0
HOU_1781,998.7933847739392,2.0,1.5,Downtown,1961,Low,345800.0
HOU_1782,2028.118710603578,1.0,1.0,Suburbs,1967,Low,314800.0
HOU_1783,2166.351447170294,1.0,2.0,Suburbs,1955,Low,389800.0
HOU_1784,2135.8742687586237,4.0,1.5,Downtown,1992,Medium,564600.0
HOU_1785,2448.468435332773,3.0,2.5,Suburbs,1984,Medium,420100.0
HOU_1786,2300.3532927293427,2.0,1.0,Suburbs,2003,?,403700.0
HOU_1787,2075.508047537062,3.0,2.0,Suburbs,2011,Medium,401700.0
HOU_1788,1757.9005731248117,2.0,3.0,Suburbs,2018,Low,346800.0
HOU_1789,803.4234398904051,5.0,1.5,Downtown,1965,High,387000.0
HOU_1790,2057.7709314795516,5.0,2.0,downtown,2032,High,597000.0
HOU_1791,1924.6126122978667,2.0,1.0,Rural,1980,Medium,256300.0
HOU_1792,,4.0,2.0,Rural,1959,Medium,300800.0
HOU_1793,1033.9508545078143,3.0,2.0,Downtown,2005,?,371000.0
HOU_1794,1151.3660757550426,2.0,2.0,Rural,2019,Medium,160200.0
HOU_1795,2431.8917119997423,2.0,2.0,Rural,1969,High,285800.0
HOU_1796,1776.266907686007,3.0,3.0,Rural,1954,Low,327100.0
HOU_1797,2208.9004184235746,3.0,1.5,Downtown,1972,Low,550800.0
HOU_1798,1816.9910256782766,5.0,1.0,Suburbs,1958,Medium,455400.0
HOU_1799,1817.8536836974472,3.0,3.0,Rural,2007,Medium,299600.0
HOU_1800,2362.9702835855987,4.0,2.0,Suburbs,2008,High,468400.0
HOU_1801,1490.3731630695756,3.0,3.0,Suburbs,2003,?,354900.0
HOU_1802,1857.67246616459,4.0,2.0,Suburbs,1995,Medium,402200.0
HOU_1803,1522.6348267769745,3.0,2.5,Suburbs,1971,Low,310500.0
HOU_1804,1539.3022635406105,2.0,2.0,Downtown,2013,High,409500.0
HOU_1805,1614.4967259188163,3.0,2.5,Suburbs,1957,Medium,380500.0
HOU_1806,1933.2802629802277,4.0,3.0,Downtown,1969,Low,543100.0
HOU_1807,1512.7508270019136,1.0,2.0,Suburbs,2000,Medium,294800.0
HOU_1808,2553.4536753441125,4.0,1.5,Suburbs,1988,Medium,495900.0
HOU_1809,1263.2356186682978,2.0,1.5,Suburbs,1986,Medium,255900.0
HOU_1810,1687.8770135031846,3.0,1.5,Downtown,1999,Medium,446000.0
HOU_1811,1536.161365035495,4.0,1.5,Suburbs,1983,Medium,336500.0
HOU_1812,2668.1867306122394,2.0,2.0,Rural,2032,?,298700.0
HOU_1813,,2.0,2.0,Downtown,1980,Medium,424000.0
HOU_1814,2419.106723681181,3.0,2.0,Downtown,2003,Medium,560900.0
HOU_1815,908.6637761778168,4.0,2.0,Downtown,1993,Low,404100.0
HOU_1816,1960.2301595215554,1.0,2.0,Rural,1983,Medium,219800.0
HOU_1817,2333.7784773740623,4.0,1.0,Suburbs,2020,Low,447600.0
HOU_1818,1849.3703935652545,2.0,1.0,Suburbs,2011,Low,326900.0
HOU_1819,2439.288225039211,5.0,1.5,Downtown,1972,Medium,660900.0
HOU_1820,1489.6269299397768,5.0,2.0,Suburbs,1995,Low,410000.0
HOU_1821,,3.0,1.5,Rural,2005,Medium,271700.0
HOU_1822,3179.33887417155,3.0,1.5,Rural,1956,Low,376400.0
HOU_1823,1582.2968637362046,3.0,2.0,Suburbs,2010,Medium,340300.0
HOU_1824,1532.6984871595369,3.0,2.5,Downtown,1952,Low,426500.0
HOU_1825,2672.0306862706207,1.0,1.0,Downtown,1987,Low,572700.0
HOU_1826,2747.7432874384276,1.0,2.0,Downtown,1983,Low,550000.0
HOU_1827,1486.2839837080392,1.0,2.0,Suburbs,1993,High,296600.0
HOU_1828,1547.8879097424856,3.0,2.5,Downtown,1979,High,473900.0
HOU_1829,1630.9292346836958,2.0,3.0,Suburbs,1966,Low,329600.0
HOU_1830,993.3296933794338,3.0,1.0,Suburbs,2008,Medium,280000.0
HOU_1831,1248.808832109481,5.0,1.5,SUBURBS ,1959,Medium,362600.0
HOU_1832,1197.5155399487594,2.0,3.0,Suburbs,1967,?,323300.0
HOU_1833,1339.321460937523,3.0,2.0,Rural,1994,Medium,211600.0
HOU_1834,1779.1890675679313,3.0,2.0,Rural,2008,Medium,232200.0
HOU_1835,1940.5288395219125,4.0,2.0,Downtown,2011,Low,526600.0
HOU_1836,2730.300295688446,4.0,2.0,Rural,2008,Medium,359500.0
HOU_1837,1200.9875755567255,4.0,3.0,Suburbs,1998,?,340300.0
HOU_1838,2390.59343908595,5.0,4.0,Suburbs,2012,Medium,514000.0
HOU_1839,1671.6066934646947,1.0,2.5,Suburbs,1981,Low,274900.0
HOU_1840,,4.0,1.5, Rural,1959,Low,281400.0
HOU_1841,2204.891695299962,3.0,3.0,Suburbs,1960,Medium,474000.0
HOU_1842,1126.366787062621,2.0,1.0,Suburbs,2019,Medium,259400.0
HOU_1843,2029.4458477104304,5.0,1.5,downtown,2011,Medium,585500.0
HOU_1844,1899.8713249278337,2.0,3.0,Downtown,1996,?,496300.0
HOU_1845,2095.4707584048892,3.0,1.5,Suburbs,1983,Low,406900.0
HOU_1846,1973.501186344691,2.0,1.5,Rural,1966,Medium,270200.0
HOU_1847,3273.180083946537,3.0,1.0,Rural,2003,High,380900.0
HOU_1848,1417.3560094492104,3.0,3.0,SUBURBS ,1989,Medium,333800.0
HOU_1849,1481.4018269989094,3.0,2.0,SUBURBS ,1968,Low,316800.0
HOU_1850,1426.1156841451414,3.0,2.0,Downtown,2016,Medium,419000.0
HOU_1851,1466.7137285038473,2.0,1.5,Rural,2002,High,215200.0
HOU_1852,1417.5677236160893,4.0,2.5,Suburbs,2013,Low,351300.0
HOU_1853,2513.4099186645312,2.0,2.5,Suburbs,1996,High,445400.0
HOU_1854,2652.302548793913,3.0,2.0,Downtown,1955,Medium,624000.0
HOU_1855,1457.5522237503142,4.0,2.0,Suburbs,1965,Low,371600.0
HOU_1856,1300.5866561374628,4.0,1.5, Rural,2021,Medium,255700.0
HOU_1857,2082.8493338318426,3.0,4.0,downtown,1967,Medium,567000.0
HOU_1858,1468.6661734314173,3.0,2.0,Suburbs,2001,Medium,305100.0
HOU_1859,2179.7590906533064,4.0,3.0,Downtown,1997,Medium,586600.0
HOU_1860,1921.7538125107799,4.0,2.0,Suburbs,1992,?,411500.0
HOU_1861,890.5535310016609,3.0,2.5,Rural,1988,Low,151800.0
HOU_1862,2728.503120798037,2.0,2.5,Rural,1998,Medium,353200.0
HOU_1863,2877.5266038573127,2.0,2.0,Suburbs,1961,Medium,478200.0
HOU_1864,1432.3267857093683,2.0,4.0,Downtown,1959,Medium,439100.0
HOU_1865,1567.3790640384095,3.0,2.0,Suburbs,2020,Medium,370400.0
HOU_1866,1971.519234434943,1.0,1.0,Suburbs,2004,Low,314000.0
HOU_1867,2000.674073992215,3.0,2.0,downtown,1950,Medium,525100.0
HOU_1868,2195.1265636036983,2.0,2.5,Suburbs,1998,Medium,398700.0
HOU_1869,3006.12272325981,2.0,2.0,Suburbs,1985,Low,487100.0
HOU_1870,1693.8316635035703,4.0,1.5,Suburbs,1970,High,360300.0
HOU_1871,1321.0216532769277,3.0,2.0,Downtown,1986,High,440900.0
HOU_1872,972.4084631912837,1.0,2.0,SUBURBS ,1973,Medium,214200.0
HOU_1873,1361.4419760348485,4.0,2.0,Suburbs,2004,Low,357400.0
HOU_1874,1780.1238162757218,1.0,2.0,Suburbs,1974,Medium,281100.0
HOU_1875,,3.0,2.5,Suburbs,1956,Low,402100.0
HOU_1876,1489.433220578297,3.0,1.5,Suburbs,2020,Low,347300.0
HOU_1877,,2.0,2.0,Suburbs,2020,Medium,347900.0
HOU_1878,1790.1462623563486,4.0,1.5,Rural,1973,Low,266600.0
HOU_1879,2513.0359640688503,3.0,1.5,Suburbs,1960,Low,457100.0
HOU_1880,3316.1594555241727,3.0,2.5,Suburbs,2022,Low,606200.0
HOU_1881,1481.4787362478075,1.0,3.0,Downtown,1961,Low,351800.0
HOU_1882,1506.3363344890668,2.0,2.0,Suburbs,1984,Low,326400.0
HOU_1883,2426.4965262414435,4.0,2.5,Downtown,2012,?,604100.0
HOU_1884,,2.0,3.0,Suburbs,2017,Low,360600.0
HOU_1885,2908.02439544162,3.0,2.5,Rural,2006,Low,353100.0
HOU_1886,2150.3569111955785,3.0,1.5,Rural,1962,Low,275300.0
HOU_1887,1584.4247455277643,3.0,4.0,Suburbs,1972,High,374900.0
HOU_1888,2154.3928984153854,1.0,2.0,Suburbs,1988,Medium,340800.0
HOU_1889,2465.2221483497447,2.0,2.0,Downtown,1961,Medium,574200.0
HOU_1890,,3.0,1.0,Suburbs,1983,High,320100.0
HOU_1891,2104.3644186643787,2.0,2.0,Rural,2020,Medium,278600.0
HOU_1892,2440.0048137534923,2.0,1.0,Downtown,1980,Medium,523600.0
HOU_1893,2501.5773542674037,1.0,1.5,Suburbs,2011,Low,374300.0
HOU_1894,2629.295394622516,3.0,2.0,Rural,1962,Medium,333400.0
HOU_1895,2189.2259325537857,4.0,2.5,Rural,1980,Medium,284000.0
HOU_1896,1699.7291518098873,1.0,3.0,Downtown,1951,Medium,422000.0
HOU_1897,1888.0282118599937,2.0,2.0,Suburbs,1964,Low,328100.0
HOU_1898,2523.9053799050143,2.0,3.0,Downtown,2006,Medium,591500.0
HOU_1899,1309.8385974076584,3.0,3.0,Downtown,1983,Low,406800.0
HOU_1900,2021.2039853237407,3.0,2.5,downtown,2017,Low,517500.0
HOU_1901,1563.9967126035835,3.0,1.0,Rural,1978,Medium,235300.0
HOU_1902,1817.2468937608905,3.0,2.0,Rural,2015,High,245700.0
HOU_1903,2567.071117564379,3.0,3.0,Downtown,1965,Medium,620300.0
HOU_1904,1914.659440811942,4.0,2.0,Rural,1988,Medium,256600.0
HOU_1905,1827.8619288936893,4.0,2.0,Suburbs,1986,Low,412000.0
HOU_1906,984.0863154120484,2.0,2.0,Suburbs,1970,Low,283400.0
HOU_1907,2247.7521396163324,2.0,2.0,Suburbs,1993,Low,455600.0
HOU_1908,2187.2905086846454,2.0,2.0,Downtown,1968,Medium,512000.0
HOU_1909,3097.952833983276,2.0,1.0,Rural,2020,Low,356500.0
HOU_1910,1615.3330590281994,5.0,2.0,Suburbs,1957,Low,363200.0
HOU_1911,1931.4901965983634,3.0,2.5,Downtown,2015,Medium,542600.0
HOU_1912,1949.630210226453,2.0,3.0,Downtown,1990,Low,508200.0
HOU_1913,2746.4719678580846,3.0,1.0,Downtown,2019,Medium,600800.0
HOU_1914,1742.8226805678287,3.0,4.0,Downtown,2010,Medium,537100.0
HOU_1915,1967.4129154622035,2.0,2.0,Suburbs,1975,Medium,361000.0
HOU_1916,2164.7379058299234,2.0,2.0,Rural,2020,Medium,263700.0
HOU_1917,1911.9654738938148,3.0,2.5,Downtown,2019,Medium,519000.0
HOU_1918,1532.139831269683,3.0,2.5,Downtown,1978,Low,429000.0
HOU_1919,1916.4539957389845,1.0,3.0,Suburbs,2015,Medium,370400.0
HOU_1920,2444.1790499158633,2.0,2.0,Rural,1968,High,275200.0
HOU_1921,1184.0908203533638,3.0,3.0,Suburbs,2017,Low,291100.0
HOU_1922,1879.7818044881255,2.0,1.0,Suburbs,2007,Low,322400.0
HOU_1923,1379.927511036496,3.0,2.5,Suburbs,2019,High,343300.0
HOU_1924,2517.0279773549055,3.0,2.5,Suburbs,2006,Medium,452200.0
HOU_1925,886.0878571297352,2.0,2.0,Downtown,1986,Medium,280300.0
HOU_1926,1464.646891637047,4.0,1.5,Rural,2010,Medium,231700.0
HOU_1927,2026.3271250387124,3.0,3.0,Suburbs,1979,Low,412500.0
HOU_1928,2739.314417540604,2.0,1.5,Suburbs,2020,Medium,427600.0
HOU_1929,1760.5498433562072,3.0,1.0,Rural,2022,Medium,222900.0
HOU_1930,1466.880283984081,3.0,2.5,Suburbs,1974,Low,380800.0
HOU_1931,2928.694241664354,3.0,2.0,Downtown,2014,Medium,641200.0
HOU_1932,931.1916597502536,2.0,2.5,Suburbs,1955,Medium,242800.0
HOU_1933,500.0,5.0,2.0,Downtown,1967,Medium,337200.0
HOU_1934,2064.0086700319994,3.0,1.5,Downtown,1959,Low,505300.0
HOU_1935,1498.7674653884333,2.0,2.5,Suburbs,1960,Medium,329800.0
HOU_1936,,2.0,2.0,Rural,2014,Medium,261200.0
HOU_1937,2225.013868379612,1.0,1.5,SUBURBS ,2014,Medium,358400.0
HOU_1938,1946.2804282627194,4.0,2.5,Suburbs,2001,Medium,0.0
HOU_1939,1461.552821557963,2.0,2.0,Downtown,2016,Low,422500.0
HOU_1940,1031.8173607974634,2.0,2.0,Downtown,1980,Medium,328100.0
HOU_1941,2323.4743969680867,4.0,2.0,Rural,1966,Medium,355800.0
HOU_1942,,2.0,2.5,Suburbs,2004,Low,308600.0
HOU_1943,1740.4944817323703,1.0,2.5,Suburbs,1985,Medium,325300.0
HOU_1944,2907.9821976285994,1.0,2.5,Rural,1975,Medium,361400.0
HOU_1945,,2.0,1.0,Rural,2002,Medium,224600.0
HOU_1946,884.6848974451567,2.0,2.5,Rural,1966,Low,166100.0
HOU_1947,1384.8551580712533,3.0,2.0,Downtown,1974,Medium,423400.0
HOU_1948,1772.6483901867014,2.0,2.0,Rural,1951,High,228700.0
HOU_1949,1946.003669593615,2.0,2.0,Rural,1954,Medium,248200.0
HOU_1950,1655.258365286202,3.0,3.0,Suburbs,1953,High,361900.0
HOU_1951,2011.233237908578,3.0,2.5,Suburbs,1985,?,391300.0
HOU_1952,1049.0763454857336,3.0,1.0,Suburbs,1955,Low,290500.0
HOU_1953,2666.2587624439557,3.0,2.0,SUBURBS ,1970,Medium,484200.0
HOU_1954,1750.7092929644587,2.0,3.0,Downtown,1975,Medium,466600.0
HOU_1955,2470.3774989528765,3.0,1.0,Suburbs,2004,High,452600.0
HOU_1956,2005.6352078266225,3.0,4.0,Downtown,1988,Low,548100.0
HOU_1957,2074.0519314922703,2.0,2.0,Rural,1982,?,249700.0
HOU_1958,2141.8603681393224,4.0,2.0,Downtown,1963,Medium,556100.0
HOU_1959,2068.625136010389,1.0,1.5,Downtown,2005,Medium,449500.0
HOU_1960,2185.6336559205265,3.0,1.5,Suburbs,1970,Low,388600.0
HOU_1961,2597.4915180794587,2.0,3.0,downtown,1995,Low,583700.0
HOU_1962,1917.9127018208821,3.0,1.5,Downtown,1965,Medium,480600.0
HOU_1963,2225.4022545531075,3.0,2.5,Downtown,1965,Low,600900.0
HOU_1964,1746.1585834276639,4.0,2.0,Rural,1978,High,217200.0
HOU_1965,2664.0703292696835,1.0,1.0,Suburbs,1957,Low,406100.0
HOU_1966,1394.1646187644383,3.0,1.0,downtown,1952,Medium,434000.0
HOU_1967,2880.5642597464894,3.0,2.0,Downtown,1968,Medium,653300.0
HOU_1968,1775.9052296133939,3.0,4.0,Suburbs,2015,Medium,413200.0
HOU_1969,941.5349387291711,3.0,2.0,Downtown,2023,Medium,350400.0
HOU_1970,1876.8626489464737,3.0,2.0,Downtown,1971,Medium,480900.0
HOU_1971,1391.3690055150714,3.0,2.0,Suburbs,1995,Low,277100.0
HOU_1972,,2.0,2.0,Suburbs,1962,Low,350100.0
HOU_1973,1408.4256124185654,3.0,2.0,Rural,1982,Medium,211300.0
HOU_1974,1532.2899400711322,2.0,3.0,Suburbs,1954,Medium,312900.0
HOU_1975,666.2755614326813,5.0,2.0,Suburbs,1976,Medium,275000.0
HOU_1976,1528.616208450554,3.0,2.0,Suburbs,1973,Medium,373300.0
HOU_1977,500.0,5.0,1.0, Rural,2016,Medium,223100.0
HOU_1978,849.658305908566,2.0,4.0,Suburbs,2012,Medium,266300.0
HOU_1979,2256.248793686578,4.0,1.5,Suburbs,1997,Low,434000.0
HOU_1980,2271.4800951904995,4.0,1.0,Suburbs,2012,Medium,414000.0
HOU_1981,2055.274537070979,3.0,2.0,Suburbs,1961,?,411000.0
HOU_1982,1219.8143141224723,3.0,2.0,Suburbs,1977,High,337000.0
HOU_1983,1771.373186314812,2.0,2.0,downtown,1993,Medium,440400.0
HOU_1984,1797.838476545659,4.0,2.0,Suburbs,1992,Medium,348200.0
HOU_1985,1104.9811864844744,3.0,2.5,Rural,1966,High,220000.0
HOU_1986,2702.03898106029,1.0,1.5,Downtown,1989,Medium,568000.0
HOU_1987,2326.417374345403,2.0,2.5,Suburbs,1998,Low,385000.0
HOU_1988,1667.4214957022016,4.0,2.0,downtown,2006,Low,497600.0
HOU_1989,1816.1315033967185,4.0,2.0,Downtown,2013,Medium,526300.0
HOU_1990,1925.0296847685315,5.0,2.0,SUBURBS ,2006,?,434500.0
HOU_1991,574.9590789454255,3.0,1.5,Suburbs,2023,Medium,200700.0
HOU_1992,1651.6935704876419,2.0,2.5,SUBURBS ,2023,Low,356000.0
HOU_1993,1390.8094512013208,2.0,2.0,Suburbs,2019,Low,288800.0
HOU_1994,1199.0279940630508,2.0,2.0,Suburbs,1992,Medium,244200.0
HOU_1995,1631.339824268427,1.0,2.0,Downtown,1972,High,350000.0
HOU_1996,2878.6119161097135,2.0,4.0,Suburbs,1976,Medium,530700.0
HOU_1997,2184.505716760206,2.0,2.0,Downtown,2007,Medium,522100.0
HOU_1998,1457.292606130322,3.0,3.0,Downtown,1986,Low,450100.0
HOU_1999,2143.549668813695,4.0,2.0,Downtown,1955,High,559600.0
